Señal,Puerto,Conector,Posición,Bola,Banco,Polaridad,I/O
a,sw[11],J3,1,K2,2,activa 0,LVCMOS33
b,sw[10],J3,2,K1,2,activa 0,LVCMOS33
c,sw[9],J3,3,L1,2,activa 0,LVCMOS33
d,sw[8],J3,4,L2,2,activa 0,LVCMOS33
A[3],sw[7],J3,5,K4,2,activa 0,LVCMOS33
A[2],sw[6],J3,6,J4,2,activa 0,LVCMOS33
A[1],sw[5],J3,7,G1,2,activa 0,LVCMOS33
A[0],sw[4],J3,8,G2,2,activa 0,LVCMOS33
B[3],sw[3],J3,9,L3,2,activa 0,LVCMOS33
B[2],sw[2],J3,10,L4,2,activa 0,LVCMOS33
B[1],sw[1],J3,23,H4,3,activa 0,LVCMOS33
B[0],sw[0],J3,24,G4,3,activa 0,LVCMOS33
en,sw[12],J3,15,F1,5,activa 0,LVCMOS33
reset,rst_n,J3,16,F2,5,activa 0,LVCMOS33
Q[0],led[0],J6,11,F5,1,activa 0,LVCMOS33
Q[1],led[1],J6,12,G5,1,activa 0,LVCMOS33
Q[2],led[2],J6,9,G7,1,activa 0,LVCMOS33
Q[3],led[3],J6,10,G8,1,activa 0,LVCMOS33
flag_q,led[4],J6,6,J5,1,activa 0,LVCMOS33
u,led[5],J6,5,H5,1,activa 0,LVCMOS33
v,led[6],J6,8,H7,1,activa 0,LVCMOS33
en_led,led[7],J6,7,H8,1,activa 0,LVCMOS33
